"";"x";"z";"y"
"1";2,756816398822;0,481805810204799;0,396556677228116
"2";0,31977783208092;-1,44208966236884;-1,21574335512861
"3";-0,478398062138066;0,436491700681655;0,747224308226186
"4";0,517389199125748;-0,643813209569216;-0,883848370494301
"5";0,995315189175479;-0,262143258542953;0,797973315469027
"6";0,452137833114594;0,753575916721299;-0,312126303939793
"7";0,379329696189783;-0,687145531335935;-0,0848015044383275
"8";1,45779463596349;2,04449071232996;1,76003965000422
"9";0,13172546802475;0,547702991095386;0,40105024072217
"10";0,223428947467216;-1,47250675260967;0,506377334889666
"11";-0,794397041838875;-0,141118022567702;0,619410215189659
"12";0,95756576602111;1,0413892761735;-0,806355289760253
"13";0,194291396234219;-0,121681968300989;-0,428782587842122
"14";-1,53707929098844;0,150357063942403;1,47569626075773
"15";-0,624379637857607;-0,0863017943670568;-2,96932410699486
"16";-2,71335575796054;-1,11604242618798;0,531756554358552
"17";-1,24523627887757;-0,00980743772544549;-1,83299883178022
"18";-0,346361038556911;-0,424666061781981;-1,3829934313661
"19";-0,398205981599652;-0,192750309570169;0,500993543763662
"20";2,16889130292795;0,242785738005248;0,735904146185028
"21";1,3862867713854;0,296938493221184;-0,749214361676115
"22";-0,281587604216679;-1,59072526891348;-2,05101936183761
"23";0,45862928085707;-0,417332974919611;2,09373259989663
"24";-0,825964196714655;1,88196146420685;-0,181792682085458
"25";0,14047619135427;-1,04459385901075;-0,605114623612638
"26";-0,164501187346288;0,0384648040045741;-0,292290504912741
"27";0,607543375594665;-0,341422197291603;1,43860285639856
"28";0,221024044789794;1,31725559744318;0,0416247044776502
"29";-1,56668302909588;-0,770122050974224;-0,858159039864799
"30";-0,971474703388072;-0,312193624598167;-0,720987734816152
"31";-0,486449783249937;0,793845577581911;0,483967859766773
"32";0,652123560271256;-0,787230467371911;-0,651112765206087
"33";1,72972824943433;-1,08794727692905;0,57598898962009
"34";0,336879121753911;0,594759663292434;0,866445118711269
"35";1,52696675952203;0,179081705783692;0,881445975010036
"36";-1,02072730874353;1,15980009032206;-1,03596630589112
"37";0,76059456493856;-2,2802346252981;-2,02017844587985
"38";-1,21297636202075;1,91118839855998;-0,310076647779039
"39";-0,037809177453886;-1,0577082588206;-0,579458077400392
"40";-0,349297558734209;0,987398361577407;0,116386089027709
"41";0,837436870856602;0,271109825887457;1,55400000880144
"42";-0,211448256489826;0,81230756673613;0,855828832895977
"43";-1,40095926689983;0,531208394395204;-1,59704338296935
"44";-0,0715395462340292;1,40387174864895;1,50881972346596
"45";1,35750718276092;-1,42612886097514;-0,938577977811586
"46";1,18082480900045;-0,234577954265592;-0,0243158064844011
"47";1,20619441013992;0,378183978936965;-0,99368973561309
"48";2,14728684100307;1,3836413649724;3,08833285891476
"49";-0,318331375774525;0,0105949771550918;-0,972046699594732
"50";0,512106400186053;-0,870141487062479;0,79647169148412
"51";0,731916422717389;0,56034549627602;0,295192590346702
"52";0,501813769613038;0,110877576450749;0,630021640685846
"53";1,87304617984109;-0,745682520510999;1,95104885284858
"54";-1,07691834597744;0,2760910142485;-0,811124371294927
"55";-0,370222815300089;-1,22271169285834;-0,0793347097915005
"56";-0,486509564643556;-1,0049553190549;1,22037111868055
"57";-1,65385657444762;0,377042260137626;-1,27681264464101
"58";-0,790123999052331;-0,211426032878368;-0,187733127916495
"59";-0,0781616315321524;-0,034895237180939;-0,136078952646758
"60";-0,132583380301596;-0,34995203857199;-1,29825215259594
"61";-0,413145820762265;-0,486481922865614;1,0223363560975
"62";-0,227753593975939;-0,508143614682008;-0,200976476660864
"63";-1,28221330460619;-1,24003041831571;-0,154397932580993
"64";-0,301949329524098;-1,27573345769261;-0,924285541690034
"65";-1,31948462431681;0,194311338695329;-0,531645758367197
"66";-0,780241451310819;-0,176905996193697;0,484233606498208
"67";-0,206084941094682;0,584972176607569;-1,3128127630807
"68";-1,58515181072684;-0,387614505276573;-1,95182058835918
"69";-0,23997724289935;-1,71720943074362;0,864286164116617
"70";-0,265826287323975;0,710263455914962;-0,223088040844409
"71";-0,0802776754245028;0,493782383069977;0,191767509879287
"72";-0,544696968619264;0,0249968601197587;0,758361871905567
"73";0,341056967084846;0,399090223794953;0,486117179349973
"74";-0,812084865581934;1,13355637664538;-0,0913566193155888
"75";-0,877347114486715;-0,997376063369937;-0,52245145974724
"76";-2,03427033959845;1,13978056262268;-1,92903432303009
"77";-0,819953284573634;1,82542173525197;-0,146983853982289
"78";-1,70309904962101;-0,653837106783764;-1,63688157245223
"79";-0,240865950307777;-0,819042240151497;0,412316543267993
"80";-0,842243462227368;0,719407168201426;0,0586062115719315
"81";1,25593879402364;0,40772746430554;0,64272237202068
"82";-0,915724936860421;-1,0253586270602;-0,793707001460021
"83";0,128083522162343;-0,081897217572778;1,49477627768791
"84";-0,855466894914359;0,741154335050351;-1,92567934552024
"85";2,31790404522419;1,60408523277387;0,533807781320949
"86";0,952888547928429;-0,718762485606495;1,19079279186315
"87";-1,50566110606552;-1,35131605129839;1,2257580250636
"88";-1,32354148881306;-1,16756469882771;0,771899127845151
"89";0,154123962357358;-0,717188867972372;1,21328714551872
"90";-0,260289144629389;0,570818967312694;-0,162044005085952
"91";-0,657457826823486;-0,307000530328995;0,282828154316877
"92";1,80764616748347;1,20827236719012;-0,46104324661986
"93";0,69805026157252;-1,87484841999758;-0,964710633771925
"94";0,544391683985605;-0,569036583776559;0,263537391927814
"95";0,657668288209182;-0,590314616898875;0,567298566088844
"96";0,761669583026048;0,771858382993229;1,09158323609281
"97";-0,350093430285476;-1,05777173238638;-0,276618273175951
"98";-0,55764019430516;0,745328932307296;0,180660486369228
"99";-0,8147979509851;1,79663736670987;-1,21725333997007
"100";-1,67889816051634;-0,286965814858295;-0,0208672646853897
"101";1,16722552788871;0,222094845713705;0,0839594300651156
"102";-0,137188567635879;-0,05128040924602;0,269086764711662
"103";-0,967758552783935;1,67914057075339;-0,30829419336572
"104";0,410224298294293;0,446140760077713;-0,00234704960608248
"105";-0,836454957423788;-0,68171266178381;-1,7918569347685
"106";-1,78301791320102;-0,696440069209423;-0,712087866438712
"107";-0,205191777586661;-1,1806479636725;0,351049236001314
"108";1,20099178105375;0,987054315923121;-0,18446267040566
"109";1,14060129663707;1,76273190230435;0,980229870745062
"110";0,526115811271445;1,05938138235092;0,0010056754901101
"111";1,15319287322045;-0,498985231697877;-0,84634886688781
"112";0,33853482511955;-1,39655940881166;-0,611717890951231
"113";0,470559453930078;1,17515092453583;-1,75526224413054
"114";0,0131631128139754;-1,33646136255207;-0,580746446652101
"115";-2,07301861921693;0,594141205150047;-0,404269404961527
"116";-0,762254295714783;0,237141121790755;-0,752674977621532
"117";1,44501726220453;-2,46556490303425;-0,163197983405686
"118";-0,60400274561362;-0,976932685439143;-0,487602686113183
"119";0,0167854663049723;0,328005331815865;1,0544884437321
"120";0,272080219955684;1,05435426868592;1,6285884502067
"121";-0,369265095119162;0,184291039547903;-0,22102598362325
"122";1,59690103301877;-1,70349413169451;0,349219897733443
"123";-0,144875131427046;-0,24324817063649;0,456544678721681
"124";0,62634721948724;1,05823741377392;0,910238762303424
"125";-2,28891522425536;0,835606343775426;-0,918040528740352
"126";-0,257954329117583;-0,646942189156141;-1,29674915700112
"127";0,112510700721686;-0,303468793564668;0,0255365711059309
"128";-1,53798060607576;-0,641777218562684;-1,18067073333459
"129";-1,26040835131149;-0,615104129365369;-0,0314523604370319
"130";1,92626733204258;-0,622860747545155;0,610570205098094
"131";-0,752582817003967;-1,28273728814333;0,143894640892382
"132";-0,21605439360357;0,929249078640429;0,861876133380323
"133";2,51655215674878;0,131651105415236;1,4129998511314
"134";-0,703306793033383;0,246066132756986;0,985439211424986
"135";0,055737748132444;0,226551961428914;0,434872136407247
"136";-0,956528879852859;-0,184735472128685;-0,401565039245018
"137";-0,0620341901724401;-1,71959451924227;0,455603273047531
"138";0,249905089745726;-0,840503627693369;-0,26565856295473
"139";0,492110984484584;-1,13018861618672;-0,569326029148853
"140";0,821346629727739;0,0976347126532855;1,69029415370063
"141";-0,44031694895514;0,688786107762056;0,0893871729073709
"142";-0,116947033652579;1,36945403865811;-0,706915407885021
"143";0,467116125920249;1,05731502630502;0,305899246486086
"144";-0,454236121766753;0,085166414161542;-0,074606855434732
"145";-0,0965985365248486;1,2591986458842;1,74572462270884
"146";-0,600370340617612;0,664853942184026;0,807002156750416
"147";-0,946602378166926;0,607381460686709;0,611536195703652
"148";0,843632926968103;0,550095827931525;-1,45604203506814
"149";0,907092546025757;-0,944642374152136;0,140182988318177
"150";1,32901285261865;1,35656258247427;2,03848642550393
"151";-0,891410955156807;-0,216646702921274;0,499048889556265
"152";0,0329913993164228;0,534669359501425;0,0598040638984032
"153";1,51782233997614;1,07216817526372;0,327445154532166
"154";1,16190367414255;-0,0789905777709859;0,582653854064529
"155";-1,35343173309143;-1,31411609809058;-0,472985075304066
"156";0,609030278241079;0,62000867011143;-2,11097086638514
"157";0,500700925501391;-0,599019290961001;-1,50638255306461
"158";0,142606258068026;1,07297715437885;1,60412076650025
"159";-0,426146913759021;0,841187202066602;-0,651674697532154
"160";2,15845550599029;-1,37826758744584;-0,115428925100523
"161";1,23921934988961;-0,0407862711103508;0,541263169147664
"162";0,448406983197303;-0,411421169658423;0,817337383568898
"163";-0,254563313250338;-0,129706798280355;-0,407554932637563
"164";0,339457340697722;-1,65736672137753;-2,17759286917526
"165";-1,20074755840957;1,19770854657618;-1,6145995095765
"166";0,0123063334453533;-1,13975455101294;-1,91533698638828
"167";-0,509834228965095;-2,63045444954116;-0,267757819940693
"168";-0,832781917922287;1,10878920892;2,11777511947746
"169";0,447884318019484;-0,809003404026119;0,111125159445713
"170";0,591081212740916;-0,341160572351386;-0,797334609269361
"171";-0,69072146386879;-0,391767835736068;-2,12842292723102
"172";0,262509230378505;-1,31649383970009;-0,918704464603128
"173";3,48764066199493;1,42832344442882;2,15395949499794
"174";-0,0748081154160443;1,26788726119966;-0,89314493929507
"175";-0,705402016079746;0,387811971052159;-0,668390216492618
"176";0,278324289895381;-0,562816653960994;-0,507513497415916
"177";-0,921462327061532;0,696895385675258;-1,19848676228402
"178";0,244887097680787;0,589696025799479;0,504318548278794
"179";-0,603428691504136;0,056527712747692;0,678264833314679
"180";-1,35993297686172;0,263088093748636;-0,614176031502758
"181";0,585834854843859;-0,691678362169648;-1,07721200585008
"182";-0,131972698489991;-1,25177851509081;-0,357843327551427
"183";-0,00626303887613084;0,429792849300423;0,49637208850623
"184";-0,545962366407853;-0,371372915999761;0,384538507416783
"185";1,06607975432941;1,94878387323651;0,436351951308914
"186";0,998572542701328;1,0766747005873;1,23937975992954
"187";-0,00243403679206876;-0,590841778173639;0,320607971138848
"188";-0,677174894665321;1,16933325325532;1,78990944817154
"189";-1,59118906698771;-0,621536740982371;-1,54777466110596
"190";-0,440587943990555;0,383414797830061;-0,243373850692416
"191";-1,90978305836174;-0,393980304864364;2,55379846725335
"192";-0,230505054230789;-0,807942141305267;0,265600613644898
"193";-1,21952078289051;0,913947218906604;-0,664291510318609
"194";-1,45522721894049;0,432008438405495;0,304950672484622
"195";-0,478969458910161;0,110385126548106;-0,0793403371785928
"196";0,0112977821855237;-0,413476131116055;-2,54276845835886
"197";0,140302637153368;0,507859620036595;1,47231958155567
"198";-2,71410105480118;0,119410456490542;-0,287873565721766
"199";0,649756778505243;1,15913441108356;0,314015885567384
"200";-2,0885063482389;1,52397189811648;-0,816414229898798
"201";0,926590443610391;-1,41890197172541;-0,553998012427002
"202";-0,182994948774816;0,18093760790102;0,551416758365638
"203";-0,862195114862947;0,585537168261846;-0,17325932789819
"204";-0,0937497881665329;1,14819435184074;0,377125779443412
"205";3,34650831065363;-0,344166520323078;0,449055048325308
"206";0,674984503868004;0,944431670840994;1,95119024775913
"207";1,38076407573393;0,21702148952766;0,614076670833962
"208";-0,531760967169863;0,907100609698556;0,0346500617929833
"209";0,188356312973225;0,567776008493402;-0,494032158957014
"210";0,943760872819627;-0,707063626296657;1,02753634801712
"211";1,09135194018226;1,76523463505021;1,32402324922921
"212";-0,0785658091653297;0,30614924474775;1,45143699998508
"213";1,20101001561861;-0,570109746408371;0,283377605830414
"214";0,230385299616091;-1,14729368458183;-1,05744471733369
"215";0,567753788351366;0,582287700750643;0,032285322636523
"216";1,25830038838681;-1,19308552275143;1,6558986846203
"217";0,0556506845663724;1,30147753540837;0,770996508820123
"218";0,0942611290258664;-0,394193406396101;-1,28219967696486
"219";-0,373985910718519;1,22734658407465;0,0262801795461935
"220";0,352492599019862;-0,700042668316647;-0,270586411890973
"221";-1,80968546391353;1,27034018396785;-0,979679960577635
"222";1,21326251147191;-0,438438802452026;-0,340654311264896
"223";0,539092406084206;0,142423735407561;-0,648813545288598
"224";0,00739493965378685;-0,671339659600517;0,0694110830041194
"225";-0,600473333716075;0,0977386934310334;-0,102781203038248
"226";-0,151706685962433;-0,0421690369264861;0,731237679277739
"227";-0,101419990558275;-0,630180624246714;-0,158343007167644
"228";1,00081605265539;-0,676248622557741;0,284099228489626
"229";-0,299316104168579;-0,076784963379016;0,460246746853795
"230";1,14993783902684;1,20308877461957;-0,17391987996621
"231";1,08864643595115;0,646585836316901;0,587128413029317
"232";-0,726508020222996;0,310057969079429;-0,0249408716301045
"233";-0,815084522592465;0,424553810307165;-1,03074427756514
"234";1,22591785868202;1,38933662303393;0,80412941364914
"235";-0,879895994944091;-0,038376675906632;-0,0598529468973454
"236";1,23545641415005;-1,07830649122785;-0,00105035671186168
"237";-0,16935005590086;0,733933309724529;1,73895797836306
"238";2,38233447802024;-0,392686334715841;1,05136160830039
"239";0,152988406625484;-1,89096039411858;-0,820172066141271
"240";0,334609824269688;1,54125605465296;0,299175498763459
"241";-0,789069226863158;-0,282876195037204;-1,22821839479034
"242";1,69590859887439;1,92095414385887;0,665686054544357
"243";0,288041252170374;0,250924898883762;-0,392002167414258
"244";0,144787335007036;-1,197928018715;0,451858883170463
"245";0,863103478036038;0,628735190889946;0,584867699585818
"246";-0,832665887715369;-0,376691668614766;-0,166397385893018
"247";-0,681685134745644;-2,22342046882678;0,125586353237046
"248";-0,586971750090631;1,32768916844871;0,404726456904339
"249";0,205565586729383;-1,58735400543319;0,302954523126621
"250";-0,897587407672011;-1,09104207106544;0,133496718282539
"251";1,04108124295361;-0,27490199829724;-1,64086709973344
"252";-0,65745097736097;-1,49209710230953;0,745127806432019
"253";-0,976088003642241;0,93008482969984;0,865208945472029
"254";0,356684075184486;1,30368945766431;-0,241267689360988
"255";-0,771036505276283;1,04938003552452;0,372491661023278
"256";0,343081880232666;0,543863962687497;-0,296658971557306
"257";-0,376149639470824;-0,788649675438934;0,693060867982278
"258";-0,525706633045778;-0,0186681856680614;-0,75064342321724
"259";-0,5975556104315;0,701578513695744;-0,725477386262611
"260";0,551342434932334;1,59129992090652;0,671858573974252
"261";0,0877875778302673;0,912944448512574;-0,62391237432525
"262";-0,751268036730248;1,13743334314427;0,621579583563084
"263";0,266636269532963;1,21505326633417;0,921473674945573
"264";0,35722480149084;0,666996425935201;-1,01262383099821
"265";-1,38146839507194;1,79595362896052;-0,743731536109709
"266";1,67121488075121;1,42866129988084;1,2794877517883
"267";1,22909173675271;0,618662411230331;-0,229695710577976
"268";-0,684084848398784;-0,348041346395065;-1,94588450141237
"269";1,40288407126785;-0,766634120464702;1,26464001883665
"270";-0,980628788956922;1,21786727470821;0,128450377919727
"271";-0,28792155982167;-0,373877740206499;-0,122488088922954
"272";0,353512561569075;-0,137349046755259;0,963475274798019
"273";-1,39509154923831;0,773739512422409;1,40532993800209
"274";-0,584172292335301;0,330522242236289;1,38485077939915
"275";-0,216728328996332;-0,989429315764864;-0,182540653122076
"276";1,07375439496775;-2,47628735885312;-1,31278716949572
"277";0,229400740555778;0,790599399572198;0,0832837161319301
"278";-0,191884747928463;0,472303213767578;-0,520179495189849
"279";-0,712726093857907;0,120855904914928;1,0769980214273
"280";-0,168885458779522;0,904302225079623;1,3412666505535
"281";0,805132455846093;-1,49107371297673;-0,121418213676054
"282";-0,0305759912474614;0,0505674604419455;0,242242676853331
"283";-0,466200341095009;0,393648823131507;-0,629029027492373
"284";-1,65447740964281;-0,92658037867693;-0,0565521144548853
"285";0,971409569023588;0,796116890833589;1,00636691036271
"286";-1,78240837250432;-2,4872037325881;-1,79218913691482
"287";-0,632269195078117;-0,320411475374486;0,20407908510167
"288";1,34193068531817;-1,50528482753673;-1,56298400810685
"289";-1,08289344023685;-0,517019067007572;-0,412770345579435
"290";0,834673852654132;-1,2174385080707;0,0453674408173125
"291";0,785631706427652;0,766396838987786;0,256070490255136
"292";-0,919660958556741;0,450249033551756;-1,30259705586966
"293";2,14061533519967;-1,409010232872;-0,109578373892624
"294";0,217218552887633;0,475363082583652;-0,0139129726908266
"295";-1,55709436011224;-0,891384495325548;-1,04704898703496
"296";2,00817424096321;-0,0749448446705576;1,17828450811921
"297";1,89189527509636;0,46610485303742;1,04382070497707
"298";0,639504032143795;-1,60342079583784;1,80921707367259
"299";0,811136524178177;-0,278559005335345;0,828647136252973
"300";-0,235356868722253;0,533221975480734;-1,478276884675
"301";-0,737254384775035;-0,453976343588919;-0,750992255111836
"302";-0,719335439405937;-2,3760103397221;-0,297418057564497
"303";0,548884267293481;-0,64328340199953;-0,692329585806106
"304";-0,106684517588001;-1,02096921181636;0,0427755165524842
"305";-0,955283186266459;0,15173999607066;-1,58143145788009
"306";-0,221234461763373;-0,0946146466806634;0,263022329521469
"307";0,190420353250348;0,369529650833151;1,34326582835706
"308";0,492449572957952;1,27184584210034;-0,697876415210141
"309";0,0357598606025119;-0,50514531143517;-0,467271852473013
"310";0,633712202073002;0,0413737315795199;-0,735927703996271
"311";1,71029980773886;0,76879187896466;1,17553499085354
"312";0,164699149858454;1,37134518133576;2,46174943419751
"313";-0,675390457469632;0,898614491004929;-1,42458151655275
"314";-0,956771146149134;-0,83104364744366;-0,805343425584252
"315";1,20489581977734;-0,146981796587406;0,0278870356249892
"316";0,746657054223813;-1,61548985739254;-0,888469525172938
"317";1,40572405876679;-1,29576564971248;1,10026553475979
"318";-1,18083597460397;0,215388315960797;0,874115710640416
"319";0,874099199331316;0,225324708103002;-0,00858806882750124
"320";0,216832730447175;-0,258754453672428;-0,298473478538125
"321";-0,603284836036667;0,0359681880371083;1,1618138037483
"322";0,649468789550388;0,386837737901565;0,944513336320953
"323";-0,200516797174944;-0,389896618729862;0,00494263598032285
"324";0,961818085251611;0,246424836672369;-0,891285451408694
"325";-2,8590891644577;1,05277362237673;-0,313206800467863
"326";2,47338680033949;-0,705981641600809;-0,483050743126616
"327";-0,975413991447898;-1,20710150623961;-0,42497419561379
"328";0,282550654345108;0,842189265736873;0,0350238251840726
"329";-0,145981251084663;1,61878689209052;-0,369442733721267
"330";0,111663729080992;-1,6791179561232;-1,26647424228223
"331";-0,785656216981546;0,750773510432976;-2,00144425257259
"332";1,01232797070372;0,590037760572636;-0,73013159880983
"333";1,14263724074816;-0,703606452253022;0,531304919053606
"334";1,40397647817183;-0,645581274769101;-0,982207105583959
"335";1,16802635816722;-1,16915508320952;0,735734469073504
"336";0,613194992349414;0,0529889087237124;0,461800758784496
"337";-0,196782676217058;-1,00260986118448;-0,998762454084958
"338";0,391249753497561;0,00799112194054316;1,57443574262679
"339";-0,747002472514614;-1,16191546848614;-2,06110375194736
"340";1,51517386581179;0,750924263459904;-0,0408613558663667
"341";-0,728354856740149;0,588160198777772;0,998506857940532
"342";-1,34561801343816;-0,850537412991232;-0,208585369856691
"343";-1,26155786724821;0,00990199782419901;-1,65797967948165
"344";-0,91010306590383;-0,467461038819911;-0,357368515417027
"345";1,63698224618839;-1,01528794205267;-1,46522898671684
"346";0,158116692154664;-0,824447318804869;0,616725570130867
"347";-0,252670316325136;0,358723183536338;-1,57800134616323
"348";-1,19115269048297;0,162234031773956;-1,50471284211676
"349";0,153440982157063;-0,518927191176108;0,131494158837649
"350";0,139663486840831;0,0717446998076284;0,35240729882946
"351";-0,50999631257976;0,0490094760906732;0,780045571951074
"352";-1,26866651326809;0,632450309978279;-1,51527844168654
"353";0,299390660565686;1,11387789642773;0,2923821039022
"354";1,01146509125525;-1,44377582380266;-1,51358064581275
"355";-0,220278355358652;1,45989665694382;-1,26377406863368
"356";0,434453243458059;-1,47256559522064;-1,36558497300171
"357";-0,0820749377372358;-0,999892819160141;-1,135700450385
"358";-0,569075679140723;0,957836937468338;-0,0954641757745138
"359";0,394956802796065;0,0322717274807584;-0,581352573748532
"360";0,979745483012382;0,538561741143075;-0,984298996984302
"361";0,514580744057739;-1,46519666373387;-0,564406612373887
"362";-0,857691860557476;1,11493429806366;0,419363892696626
"363";0,375403195655758;2,10115053818885;1,27990273947514
"364";1,13702739521047;-0,968220920384104;0,704947904642431
"365";-0,509903409277009;-0,379418597662095;-0,0812323765262371
"366";0,995014159807354;-0,34638670715433;-0,327737732428009
"367";0,0318464572192594;-0,209566143810366;0,00662777878283104
"368";-0,934009333541217;-0,286213979562404;-0,929002802953904
"369";-0,509581738185264;0,7246037013023;-0,859668079680906
"370";0,702309435588297;0,601903033530149;-1,23127260253189
"371";-0,165146278685248;0,00614433923719269;1,26483855792091
"372";1,12428383743491;0,584497076137512;0,0535194042205209
"373";0,0990877379523702;1,00896511874336;0,590212932537481
"374";1,24470781576933;1,21728842066268;1,84657448397553
"375";1,02457511806999;-0,127448856059201;-0,0318068541752449
"376";-0,905955614691908;0,262409722357623;-1,54307030145176
"377";-0,137310292236413;-0,594862998823649;-2,55980469551712
"378";0,302213618107812;-0,0978188193137317;2,22805042783991
"379";1,4219700177925;0,0620324703149523;1,24046465972925
"380";-0,614904827227871;-0,318171192815269;0,874222619882437
"381";-1,32371288868499;0,737437510463144;-1,19222743068498
"382";-0,173253723585324;1,94807221535514;1,50894535518655
"383";-0,448439996299476;-0,943610409253515;-0,322336125543374
"384";1,69052297485245;1,08392543099029;0,837024200724999
"385";2,07029560187537;-0,22585987284296;1,44358186535451
"386";0,00992269606096201;-0,0455627224455172;-0,943190018195705
"387";0,0638709934650233;-0,715818390951255;-1,83448460598762
"388";0,908613771213263;-0,368757718881704;-2,17668701669956
"389";-1,54215154537025;0,551521031193785;0,725858946914181
"390";0,325507240407721;0,0275620510144513;0,738127614750222
"391";0,131565627375009;-1,90971204354645;-0,294917297376384
"392";-0,946622250544162;0,250208742235145;1,56714450229061
"393";-1,12898836917383;-2,18082729398118;-0,0113498773115567
"394";-0,161209535662228;1,94976720358564;0,194610884085476
"395";0,746090090504495;1,49128087572757;0,75372531259111
"396";-0,256045861992463;-0,248706123153712;1,3324829337677
"397";-0,301223396331549;0,948126497514865;0,631792479383395
"398";0,51998201600026;-0,695625187373008;1,0195959215291
"399";0,0692860454763758;1,15754802199315;0,704797811728133
"400";0,286931593786775;-1,63589761931742;-2,3345990956651
"401";-0,347345891776825;-0,230766750511244;0,59952908063199
"402";0,984948546369753;0,548740001946156;0,7709785957516
"403";-1,13224782306752;1,7742944552079;-0,819791674849529
"404";-2,13840528212443;0,755036567806886;-0,273321066425168
"405";1,02090768817063;0,302193483872091;1,29517986313769
"406";-0,85580888035578;-1,14692506401156;1,10268424134031
"407";0,122092415020877;0,117964218094117;-0,345500912433186
"408";0,396985853650851;-0,532320828786125;-0,561595152956269
"409";-0,106864911579957;-0,0395759080200109;-0,840286707603778
"410";-0,201851941409522;1,61999747127044;0,92818251483236
"411";1,70142708953894;-0,0100001142172657;0,692228761540342
"412";0,500810314595889;1,05812746263409;1,37946120879122
"413";0,0275559880262854;2,04382190384561;-0,075222218285279
"414";-1,06060637992533;-0,130574313495719;0,459380534927123
"415";-0,503040408386217;0,692122676423331;0,544937374566763
"416";-0,77341450473779;-0,0707461378733635;0,129429630437625
"417";0,320526006617661;2,52923977104173;1,40906199639752
"418";-0,279984956812193;0,483210988541599;-0,16876963710525
"419";0,199723055316997;1,75268784581479;-0,0350020977499543
"420";0,660764969712249;0,317070575907426;2,69973231805368
"421";-0,900399572881825;-0,890754422278334;-0,891874958253917
"422";1,03659243729931;1,06034491288614;0,956058196772011
"423";0,202779147010132;1,14982822629015;-0,493093263059621
"424";-0,234424259937526;-1,01688311549287;-0,584884835998263
"425";-1,09339901556868;0,217843598115514;1,33307706743747
"426";-0,382107637657886;0,808288242489008;0,354169036982991
"427";-0,705070905596297;0,99076618451343;-0,127610941307576
"428";-1,42568906025877;-0,629957272975122;0,195909212767538
"429";-0,393545639109524;1,42282085434715;0,429630679336381
"430";1,07484156939183;0,888233341799041;-0,5150478215315
"431";-0,248190404464524;-0,240858048422595;1,38313884347693
"432";0,265660712015976;0,119216227136733;-0,183520474806198
"433";0,0765728205645334;1,29911190592602;0,563829509759018
"434";-0,00775436946410324;1,70393901278543;-0,0770395090694408
"435";1,51840141803843;1,05032254169966;1,07061806954825
"436";1,5134926912166;-0,0174805385817923;-0,367124360973855
"437";-0,0795314715372124;0,10213928842377;0,545931569823198
"438";0,497750876504193;-1,91287095500679;0,896646667973907
"439";-0,221619728798226;-0,0855747874291587;-0,819196404261635
"440";0,852034593434459;-0,374063260392085;0,55826942242825
"441";-2,27485074508528;0,112523913045514;-0,280559973154538
"442";2,03214727122621;0,746458303897137;-0,293969980592744
"443";-0,715674714063603;-0,104719862261069;0,453115518183586
"444";-0,144332956670821;-1,09017321459297;-1,58705301385209
"445";-1,34168381177279;0,579231333765053;-0,280068976519285
"446";-0,491968061641231;-0,570860147725304;0,80404755966953
"447";-1,4344567055151;0,936827257452764;0,303457045005117
"448";0,865741254974187;-0,70111282557666;1,24088006829396
"449";-0,637659931772389;1,43056240991014;-0,872789105494336
"450";-0,648645561417535;-0,701784113456244;-1,33016356134137
"451";-1,7119153773029;-1,04361897690666;-0,319731034749817
"452";0,587976329083797;0,170211400992544;-0,386877253758743
"453";0,720799248439148;-0,652838030323101;0,596751012601402
"454";0,83716770178912;0,768203385109885;1,23451162910836
"455";0,660651688071185;-0,886163837392798;-1,74618649162144
"456";0,437765395888404;0,341287058487623;1,28979372668083
"457";0,873174016861807;-0,777624910822625;0,588725250079961
"458";-0,693047568283841;-0,138857772025633;-0,618535045658063
"459";-2,03671628529832;-0,271955608598463;-0,111539035080194
"460";0,478903178443674;-1,99803104758592;0,972989745276359
"461";-0,908502591136262;1,32364758325716;1,26914655595132
"462";0,40733014216729;-1,35283041194405;0,109863268930234
"463";-0,558694444555438;0,148280122045696;-0,0637545342038032
"464";0,573314499547879;-0,053287994204056;1,97169700800764
"465";-0,549010438179387;0,439900282619693;-0,419796989891211
"466";0,0163207467716446;0,696279181627683;-0,222169994575911
"467";-1,69414163552519;0,0512184099468252;0,210069809637272
"468";0,687528969148051;-0,266969150872955;0,110114430316782
"469";0,740288060815274;-0,343127563302436;-0,0293190497191275
"470";-0,0094964298290088;-0,31584070346358;-0,436431816433803
"471";0,38406684047322;-0,204759795477525;-0,75136078555675
"472";0,401202944792568;0,961940478014924;1,15101416592923
"473";-0,876052661142909;0,457668876505352;0,781722313334245
"474";-0,323620214648892;-0,562211708560153;0,403074725211593
"475";-0,518811206076759;1,0706594595369;-0,690562746744663
"476";0,892051914549989;0,355517497676829;0,149570078150917
"477";0,412377097720188;-1,05030022340011;-0,835311103570094
"478";-0,275843202997766;-0,822536688055638;-1,15028543187442
"479";-0,812851420884167;-0,00734289893198952;-0,483625035261885
"480";1,25515916758146;0,99954135511801;0,0452399703839886
"481";1,1882074252508;0,0419513146424059;0,0556591937148116
"482";-0,266871815949504;1,15570451901809;0,469254547880257
"483";-2,34940188298052;2,24683449234287;-0,936435935665759
"484";-0,694480584071904;-0,857986490920493;0,812778188888349
"485";0,729203499935236;0,739717660434583;-0,189628522642012
"486";0,886591792373864;1,30388751052534;-0,0702713089278505
"487";0,213115160740818;0,228833877262371;0,586395866340821
"488";-0,0217722873828131;-1,07456031408054;1,86752566927743
"489";-1,62443381312363;0,289495538054152;-0,845697766805066
"490";-1,00662077328756;0,219690928086881;0,60860044114064
"491";2,69190858101356;-0,197789769577329;-0,647893642359302
"492";-0,265879678848334;0,063491434214159;0,0778706156342242
"493";2,02625530185613;1,04825556400335;0,117440706387608
"494";-0,0900100446293577;1,83078876712998;-0,666438090727776
"495";0,85219608598957;0,792911942378764;2,60648420648445
"496";-1,26611035165419;-0,00823639010142968;-0,994154999251799
"497";-0,194621651638979;-0,0693720896137719;-1,42272117099618
"498";-0,37476706053263;-1,08465344882463;-0,900732701454907
"499";1,12100430247474;0,327779044739751;0,191588206437021
"500";-0,15348206492842;0,0975863543281875;0,859043640507734
"501";0,149533696596959;0,163194402247123;-1,06447168698888
"502";0,169053767575542;0,699438885980253;1,46577595069378
"503";0,609479261837366;0,719250027224362;-0,280108634762443
"504";-2,0095587109285;0,561667265839835;-1,86329567294676
"505";-1,28854683981805;-0,220011977458496;0,682757564870898
"506";2,27596721883099;-0,649983359868725;1,23465803186245
"507";0,960426714240242;0,805997582892255;1,12986225526835
"508";-0,815647673042368;0,705782157473503;1,29349964456921
"509";0,135503799038232;0,302852565292944;1,29431166942225
"510";0,0621215582387884;-0,197714768101024;-0,114057503284866
"511";-0,427512474496376;1,44853470996508;0,508649472578003
"512";0,312838498323107;-0,67628859523875;0,4859233552399
"513";2,19342030175939;-0,223750132857898;-1,10010651012262
"514";1,84685934380842;0,098796750021423;0,504067974623731
"515";-0,47171277506353;-0,621019246125602;-0,0939050527480851
"516";0,331645950125896;0,826503556567134;-0,691851213910491
"517";0,427480662393535;0,671891960337728;-0,205089404503171
"518";-0,80978270490959;0,209227827190601;-1,46562942089526
"519";-1,10766876652208;-1,52819594320429;-0,363403335498496
"520";-1,57516166311655;-1,20995059767039;-1,64526814545121
"521";0,647697157950549;-0,17422489734086;0,0720164149540813
"522";-0,843473047953794;2,59942595511094;-0,23666397919318
"523";0,211130546578775;-0,985923152800916;-0,696484290325375
"524";1,79023402240369;0,76559226877711;1,35512677792936
"525";-1,66326814739161;-0,353890123981933;-1,60145484767239
"526";0,612848553312326;0,279997407473973;0,235653692901215
"527";0,54308971221591;0,39523881223136;2,20883785312695
"528";-1,49644285813255;-1,06132513461035;-0,498646034651056
"529";-0,106679652527418;0,730367307571156;1,15752009936814
"530";-0,986433130221855;-0,346998783179968;-1,35116487552837
"531";-0,0164090383287119;-0,919396339613477;0,213828680761131
"532";0,461758989465071;1,93962613477892;0,554710573246705
"533";0,417122897308104;-1,35788810580823;-1,68069101050183
"534";-0,358487034599122;1,78700663388328;-0,118465850092913
"535";0,968009220429149;1,32720601189627;0,887077730078116
"536";-0,567792963172007;0,0500134875776941;1,15093913065127
"537";0,593256357570859;0,0797889778550553;-0,11402757089479
"538";0,438354510814574;0,352450850903631;-0,0311028307367576
"539";-0,61819980861775;0,284368258223675;1,47637411137419
"540";-1,84596743978756;0,664034420241004;-1,59967027900578
"541";-0,743928000692789;1,04032693075461;1,52706095679347
"542";-1,22521723690654;0,695763473846688;-0,848035540633441
"543";-0,241566162962816;1,42018331290422;-0,264142098922419
"544";-0,843258787184496;0,274052360191474;1,58255227677712
"545";-0,669730558010778;0,496337881795911;-0,999704685286173
"546";1,58430366440183;0,301033983342323;2,03702662758569
"547";-0,575651851624053;-1,09332180450118;1,11955658300036
"548";0,34093746764676;0,32354233522453;1,26575670653238
"549";0,686684898219588;-2,41001787175765;-2,49558174170025
"550";-0,434679818151263;-2,48574729184229;-2,17332064764445
"551";-0,695658107752538;0,469876103883872;-0,536527960499769
"552";1,31705818016275;-0,125969929389222;1,2098044221778
"553";-1,35950771582118;1,49275702709749;-0,485616113488323
"554";0,7409732096597;1,26332826587228;1,61857427368148
"555";0,154321845497011;-0,560016844000966;-0,700914007319887
"556";-1,7333781881806;1,23168099505064;-0,508911695502225
"557";1,37376489750295;-0,360507164541933;0,114947832241187
"558";-1,58065653447406;0,472452894910318;-0,769210773709782
"559";-0,189527123706066;-0,483832596517403;-0,0966951105078853
"560";0,801041487085248;0,403763487128559;0,579406097731287
"561";-0,941113417536658;0,198566473302063;-1,99096330401144
"562";-1,1804279134651;-1,52145404890357;-1,18713076474664
"563";-0,4879369274839;0,958267484501822;-0,642807536366726
"564";2,3790582600255;0,365862673796263;0,393834626545511
"565";2,62565302641442;-0,614806977832162;-0,430934456650643
"566";-0,965644009561431;0,554356293262487;0,190443563295909
"567";-0,646060580899514;0,823934102491967;-0,192637824105402
"568";-0,712904242502902;1,14494089116076;-1,04480208311756
"569";-1,28189280595411;1,07845090322247;0,29774523044237
"570";-0,780111824293597;0,285839576327548;0,481538549585531
"571";-0,427703434980969;1,26906444793776;1,45271058529999
"572";-1,06897246456387;-0,063270457229555;1,07260478255337
"573";1,59373648606491;1,32240398394156;0,652209942734038
"574";0,756497992892897;0,178194509801459;0,690969975174345
"575";-0,108337451716549;1,03801732934224;-1,06486326841323
"576";-1,45406966032372;0,0277446996231566;-1,4858244535985
"577";0,963739949277339;-1,00206570576387;0,337059532108367
"578";0,696332151898702;0,798469167994407;0,193211429220785
"579";0,474871797337157;-1,05959158450441;-0,765764468457608
"580";-0,0812485914338433;2,62923883763394;-0,845034239238055
"581";0,549612112511427;-1,53172855465074;-0,479904295664938
"582";1,77689002807412;0,980150873261028;1,67172953695324
"583";0,226074483886179;1,67296711316519;0,987079827144145
"584";-2,24066477287892;-0,686675042586417;0,152744237405591
"585";-0,738847602522506;0,0638264956630472;0,721048331500999
"586";-0,682534395002174;-0,945262555091658;-0,325710558514804
"587";-0,544357711487039;0,258143187184742;-0,842145659122248
"588";0,563410972220418;-0,110974221921565;-0,804675325098571
"589";-0,414474545691131;1,72148203250274;1,49158255643619
"590";-1,40263456026657;1,2417459542926;0,942332563463736
"591";0,0533815210498189;2,20082853589133;-1,9483111537459
"592";-0,475667115021357;1,54902125320525;-0,4614532875672
"593";1,79361012790681;-0,802485445782568;0,442224435544653
"594";0,20052913037426;-0,756551134049722;1,09205088099534
"595";0,0397699510592933;-1,72902106436434;-1,1942538939297
"596";-0,500889094262198;-1,83641677625387;0,632760285175683
"597";1,80680024547254;-0,00133727361790107;0,327279260989728
"598";0,898323552008792;-0,684476673853243;0,0748281737205082
"599";-1,81572049115357;1,88558838748181;-0,924925904679999
"600";0,813332772971004;-0,840795470935116;-0,490726620003283
"601";-0,0169950114915079;-0,641815264810447;1,29186415641836
"602";1,37390348054568;0,63489990638701;-0,973759444705418
"603";-1,00545874926037;-0,410408598240284;1,03086279579715
"604";0,684522463326212;-1,70498884725704;1,36893997406183
"605";0,879674928864258;1,59733961568222;-0,328882346813565
"606";-0,341718097285384;1,29426590037359;-0,928035699535275
"607";1,17443445158226;0,265730713994806;-0,572998800997866
"608";1,05042067934822;0,297976965024394;1,10315322492526
"609";-0,0492542174178356;0,717880821204529;0,659277945394734
"610";-0,588677872036252;1,26748063644265;0,33924583288753
"611";-0,721103203911642;0,39886095967662;0,326564465791282
"612";0,395388506760405;1,93954183070808;0,454130421765884
"613";2,22834291264422;-1,03561492589351;-0,517351308854451
"614";0,506150943760318;-1,57439887226923;-1,2996394263621
"615";-1,11807554752451;-0,164259671709199;0,0960932301323772
"616";0,348912982182346;0,973998923940991;-0,192836522542167
"617";-1,97909025152629;1,48764729064787;-1,01588160187248
"618";0,754898607021193;0,88068270595718;0,421639700243107
"619";2,04068625744407;0,475524564496275;1,92766801780003
"620";0,618087052883747;-0,697335939407913;-0,613677545590417
"621";-1,06596420581948;1,1514715204312;-1,34320206468471
"622";-2,14348411417004;-0,618258958414085;-0,750255004506555
"623";0,916136274299514;1,26632202553012;-0,568953480772794
"624";0,688662125341683;1,24873995485134;2,07208418315008
"625";-0,568883590182411;0,923429841636039;-1,15546089996471
"626";0,798185232246677;1,21947674623199;-0,968048393118817
"627";-0,368242151443513;-0,942591690959718;-0,817241771999678
"628";-1,27035313433032;1,15028906331944;-1,52998190065967
"629";0,485588751521137;-0,55280064128467;-0,037511601563095
"630";-1,19467176506708;-0,190351693458892;-0,00748178965700208
"631";1,34233972585423;0,0974879304455829;1,09951374501984
"632";-0,772868618213159;0,408838523865521;0,572645812181817
"633";-0,349215148126668;0,291261059028254;0,0870782719777196
"634";0,392853807094931;-1,10342137003648;-0,715810824135165
"635";0,385499379724226;-1,86648606805197;1,55651495966966
"636";0,0121665772116488;0,433383948983442;-0,271297393070046
"637";-0,739834160048471;0,255891036645793;0,414993104391512
"638";-1,83655259961896;-1,08483572589381;0,477598929853367
"639";-0,0693962996341031;1,41962160302817;0,495510210258127
"640";0,650700031684835;-0,577721318630135;-0,0354570628439854
"641";1,32134817582335;1,15654441439149;1,65730002074563
"642";-0,679305621313005;-0,644522205864231;-0,184091234595133
"643";-0,141729801144525;-0,904928234193464;-1,01860676060006
"644";0,412940285048375;0,459163105685383;1,22298085035325
"645";-0,0314621454887398;-0,610977241498921;0,164958353948189
"646";1,37077430793196;1,09186021685303;0,977661146663257
"647";-1,49498707186556;0,608364695032307;-0,48889294135103
"648";-0,172203502040694;-1,8249219015038;-0,709595166145375
"649";-0,194380487836172;-0,0374526684053092;0,433718800227699
"650";-0,879611283963223;-1,96991216477358;-0,685575420058806
"651";1,34512904944352;0,494557208939957;1,51881936553084
"652";0,505123201602279;1,14783875627288;1,28344471687828
"653";0,1798056684774;0,50555629756776;-1,06008240879663
"654";0,759719686896482;0,88265811121868;-0,996066364219819
"655";-0,580360270156813;0,805484082275909;-1,31438634338403
"656";0,421221662603864;-0,102557767127143;0,737774531541162
"657";0,142725033322305;-0,592953417353571;-1,64682289840291
"658";0,0600072992203926;1,10343495319675;1,01414258255951
"659";0,846979015273592;0,947270896123686;0,7599795954839
"660";0,0708856121318336;-0,513891506919363;1,65114210776526
"661";0,49746557984916;0,558635283592913;0,973599340881196
"662";-1,68015994391255;-1,03033848807534;1,28809323474731
"663";1,35077989158508;0,226459832370872;0,0522668254002037
"664";0,112249140079042;0,50766989070921;-0,716373885065524
"665";-0,838089726423647;0,666751028625725;0,961253104951799
"666";-0,137627117572006;-0,632166335758413;-1,12944373628663
"667";1,98736422488145;2,57846517295437;2,98074604657284
"668";1,80323911478531;0,0999641423647068;1,06377366734612
"669";2,01681447395064;-1,11677081404744;-1,91788239042486
"670";0,297079357874157;-0,799077257552026;-0,330161003734
"671";-0,427616664222233;-0,163078604625406;-0,338492175548482
"672";1,47460778403606;0,672977161516614;1,39867798319344
"673";1,75515213809237;-1,62330378164751;-0,490694965635309
"674";-0,401423193270825;1,21011519626453;0,206003807817005
"675";-1,70273780600271;0,669773241972756;-2,08298523518296
"676";-1,50468085445556;0,882249142435092;-1,80887973767239
"677";0,193576434276506;0,219195544618771;-0,760488229853676
"678";-1,7473301738784;0,332563283809402;0,257255095401411
"679";-0,497821526817497;1,23178228503103;0,485536148496234
"680";-1,06264822220763;-1,83998303568874;-1,45866066721404
"681";-0,164574918879915;0,641298136110716;-0,305988959569407
"682";0,618974586426776;-0,898515414271015;0,682942012782258
"683";0,0757823488361643;1,31728348009663;2,18223611553765
"684";-0,764592805654557;-2,27659563069339;0,286420641841796
"685";0,293140043344033;1,14340297920742;-0,221884425289831
"686";-0,608867861283763;0,118094110434916;0,688444363201128
"687";-1,13923415516347;0,513381478706237;-1,03207505118591
"688";-0,401633231404226;-0,708990599342807;0,265636078792543
"689";2,05519662292634;-0,655168445295511;0,314657482862709
"690";-1,78712114220921;-0,11172799001107;-0,181950054313319
"691";-0,607162256221041;-1,38212891180475;0,63213683574755
"692";-1,54855314196767;0,456500000406619;-1,21770613663686
"693";-0,417154451438997;-0,165993437832291;0,522893243536696
"694";0,271209032226395;0,966780344674457;0,938809501116381
"695";2,4340332808683;0,702862929577054;-1,7451694096257
"696";-1,57714405675783;-0,911519627384294;-1,29950623224678
"697";-0,222532398582969;0,550849516505346;1,12895803679713
"698";-0,46569663048152;0,612839749553512;-1,66727233092966
"699";0,314740817814386;0,464263786861657;1,01742992974316
"700";1,28934047470854;-0,926159451465817;0,495634319517898
"701";0,337402703836687;-1,56361219673387;-0,566262533107196
"702";-0,0844989467038421;-0,23053955066074;-0,731052126953196
"703";-0,101413183392972;-1,10113118342601;-1,8410379234601
"704";-0,88861364018269;1,51716747898671;1,67654947639583
"705";-0,271653675329739;-2,04074155542167;-2,71603389742022
"706";0,268734086955196;-0,627413182762243;-0,808269188384778
"707";-0,473115689407558;1,12030566828689;0,220599283877362
"708";0,0466647961184866;1,66920054021877;-1,86002261997109
"709";0,662787860603582;-1,33398800821543;0,546737443837702
"710";0,62707941563622;-0,323945660332759;1,71616920414941
"711";0,859045018926981;-0,19748563512694;-0,778407846664461
"712";-0,645874646014676;0,581809135071398;-0,0477053124521594
"713";0,71620194430868;-0,427879606104559;-1,84018551250465
"714";-0,418663905754791;0,653340644985482;-0,720506901917036
"715";-0,167516867261556;1,26598076792376;0,250767063846517
"716";0,546204579264043;2,25203553105909;0,123186424548897
"717";-1,99660896551044;-0,260609935243266;-0,165513829785673
"718";0,128889756953244;0,541710129237294;-1,2986131113728
"719";-0,394682641395822;-0,706894571679504;-0,106829998161271
"720";0,585617933505111;1,46579389451916;0,604714488351866
"721";-0,180345262867431;0,830212809950379;0,106119808732736
"722";0,504549973591348;0,456115862564576;0,740911004474693
"723";-0,229403606962365;-0,280022257347793;3,51835440730832
"724";0,0685151813285555;1,13253984802126;1,22423141623086
"725";0,798515586557923;-0,404465954354932;-1,0585916171164
"726";1,34051327710739;0,838288120915147;2,14909487083942
"727";0,465588019295809;0,180625687104551;0,344112050245422
"728";-0,314893801877035;-0,385566730926317;0,39647054076085
"729";-0,304100304060108;0,400794577060426;-1,15668649355755
"730";-0,823769908467354;-1,13028905752958;-0,698091455499718
"731";0,590175779051279;-0,763243347741999;-0,102533056688542
"732";0,00573165877789826;1,98967123619799;0,269975195393587
"733";-2,68071095502127;-0,0468108950723277;-0,277580669001981
"734";-1,80076931856283;0,792606823673725;-1,0884214718259
"735";0,734179944709018;-1,46806488109886;0,262873794758368
"736";-0,111022763237471;-1,78258681838656;-1,45877294871023
"737";0,086121951623133;1,06853964797549;1,74459208600153
"738";-0,804173174689546;-1,02916286297828;-1,43364063620375
"739";-0,797995214594214;-0,0831697342371177;-1,64897474426979
"740";0,974658135350834;1,80421757918408;1,26755737173731
"741";1,08076287352559;0,836097748827372;1,50276994034283
"742";-0,845470989882683;-2,05634612519276;-0,429914660073138
"743";-0,886363311021924;1,0337972407032;0,504060670614703
"744";-0,832053742288366;-1,58268053475903;0,72770569920203
"745";-2,47326731863573;0,0511384874300366;0,566422159237294
"746";-0,869962726811048;-0,748292261656097;-0,00928698100885933
"747";0,261624563414283;-0,322713039042694;-0,154289612290622
"748";3,37037423500155;1,2501956199654;1,49218108360827
"749";0,0539507285981738;-0,149073852386885;0,0462882208979456
"750";-0,496280202244583;-0,0720918737601777;-1,61162708867758
"751";-0,790521114779902;1,11071207245595;0,647321256284658
"752";-1,14550890953859;-1,10401233037033;-1,55958817461858
"753";-0,737368656007787;0,010191553191179;0,0315272379306886
"754";-0,393101363690785;0,809968739534574;-0,978112668068041
"755";-0,187311476135682;0,566690571041648;-0,229886979346455
"756";0,769789614196554;-0,184089592324887;0,429222024752274
"757";-2,30145897680335;-0,226797390011761;-1,79597259683912
"758";-0,216249941767825;-2,04795319611336;-0,108737722756728
"759";-1,23077275104369;0,828145093741002;0,895621014071541
"760";-1,71274231717695;0,140514299489333;0,368487531289719
"761";0,908435824473984;-1,13413369189152;1,04599924917294
"762";1,44124231885388;0,570819616475772;1,36925663900826
"763";0,326752915209013;-1,44585296964058;-1,74187113484775
"764";0,530774975173228;-0,468624756289134;0,602669365047858
"765";0,643648121541026;-0,14420102048499;-0,430317308362864
"766";1,39559131413842;0,0303401219058476;0,306106322889808
"767";-0,852111278618212;0,601190587167928;-1,63396368808357
"768";-0,129058317233099;2,98175320677961;1,73732976253272
"769";1,33248881050222;-0,211095103274436;-2,24377449711367
"770";1,26857021926958;-0,530021923993108;0,271622435583168
"771";1,20923385298377;0,0360854056757562;-1,25351809647273
"772";0,591836683381748;-2,81708852651633;-1,29843689301994
"773";-0,658255051098122;1,12230978402873;1,45514899814632
"774";0,620921639635492;0,094294630241185;0,956384883407099
"775";-0,746071304881752;0,0371806914515135;-0,389158278778387
"776";0,130057877710805;0,895104747834664;0,336836828977073
"777";-1,32310681226258;0,142470695309736;1,0888630834236
"778";0,38477670459975;1,0018405965969;0,695732943501421
"779";0,522573745077154;1,54587377541307;1,56216127144135
"780";-0,800032151710237;-0,319439231794527;0,127145735701163
"781";0,611041945646127;0,544248888649753;0,740809180291539
"782";0,245960028085325;0,686735663570175;1,63779749397929
"783";-0,368382213185945;1,30293571282188;-0,754565251549463
"784";-0,532014677458382;0,79697251336903;-2,14810231689987
"785";0,91403112125568;-0,291944882255776;1,92845413137174
"786";-1,57559450413064;-0,599010362337499;-0,149005409312964
"787";-1,41580333989626;1,21599344059763;0,593892954455118
"788";0,354034881178599;2,00735754901916;0,129459503720002
"789";-1,165429339378;0,0706773702036247;0,0531501584164645
"790";0,321181655706895;-0,180473895158091;1,223518061173
"791";0,830284356419473;1,54727046853278;0,147714690584962
"792";-0,168627931747896;-0,431372258630602;-0,323260368841159
"793";-0,304344975882768;0,0500223957256736;0,916691710604554
"794";-1,35065195038851;-0,651822300866328;-1,23831638313573
"795";-0,818976442617075;1,41396145125952;-0,80986651994549
"796";0,303738375554758;-1,23813404792114;0,358117488790438
"797";1,92750214698395;-0,504210329298929;1,40124719485534
"798";-0,43558837919496;1,79414229613984;0,667991073735642
"799";0,299554876276732;-0,000966848697859742;1,47354213961268
"800";-0,223152429963236;-0,710662418928141;-0,698854977624505
"801";-0,6577511372007;-1,85819260831984;-1,09596543172324
"802";0,993643700517986;-0,352368791053184;-0,282547181806621
"803";1,02845577116337;0,341303482356869;2,35536479100793
"804";1,23799068078631;-1,31881191709685;0,449325213504058
"805";0,445356367092982;-1,19063437962515;-0,991217808821409
"806";1,56957938568258;0,31502856351544;0,144272699505262
"807";-0,55863495859399;-0,019254198754013;0,56673152150193
"808";1,92049946136595;0,0286686221987758;0,404662202994501
"809";-2,13532487636781;-0,217469967002315;0,337793377267336
"810";-0,265124282804306;0,445790031147693;1,52351131722911
"811";-0,0618084108032464;0,4153575277288;0,230637004890246
"812";0,0704366772615428;1,30657212035756;0,817768315311382
"813";0,71818793989372;0,703433063415718;0,792310653975474
"814";0,188302961965973;1,39129444742344;0,0970957271964664
"815";0,405116623601287;-1,00014140230684;-0,131750200029039
"816";-0,130130643467678;-0,948391762682353;3,9880410333819
"817";0,728950670976352;-0,707172581541927;-0,612453186514481
"818";-1,74971498632661;-1,31618408490153;-2,0420278421259
"819";-1,51077953786399;-1,31503891346559;0,697075101074253
"820";0,9648572236084;1,98998975878247;2,04641990646525
"821";0,899129765659377;-0,29101648239745;0,415116810489204
"822";0,910487775832055;-0,39799201611105;-0,496059723047604
"823";0,817227693514188;0,767648258710905;-0,378591053951082
"824";-1,02249730534418;-1,02798409718299;-1,81850085260979
"825";0,744849947326117;-0,0175268111458673;-0,736026804866273
"826";1,37839695910852;-1,06214037382529;-0,554153636467045
"827";1,39632244696054;-0,162764957122915;2,22243105190775
"828";-0,157440978052346;0,393086148410159;2,36659320293791
"829";0,16091498978933;-1,24063823946988;-0,579056638210533
"830";0,112751716671833;1,21315359604642;0,309471511114963
"831";1,02728935364558;-0,195598187974802;-0,0561435833704692
"832";0,43383634812396;-2,45030102567059;-0,907431080200703
"833";0,276968736264758;1,35004085098372;0,978529404988192
"834";-0,248463414399667;-1,05436587968934;0,209340426464666
"835";2,13688439210476;0,569096478156321;1,40898180574402
"836";0,859292565841193;-2,92646663102219;-0,324931276294298
"837";-1,05075121132546;0,438795458372296;-2,60743847341079
"838";-0,258408509892138;0,368744927761964;0,785935615071262
"839";0,824959395567044;0,108018976460222;1,02435368182704
"840";-0,273259360202225;0,550793613287937;-1,8798289730334
"841";0,997790580391796;-0,780297923419245;-1,16301053710033
"842";-1,58341420359087;0,877959002270895;-0,237938759313992
"843";0,856770225690028;-0,644231548958043;-0,436562572052953
"844";-0,510899551549198;0,803481350301317;0,524249834097679
"845";1,81939683117986;0,788283150935136;0,667898021423066
"846";0,577220432884812;0,0985475701301861;-0,115292657607778
"847";0,882901305284799;-0,783260800807471;-0,509568688844645
"848";1,73411905698308;0,10614433161132;0,437391747031572
"849";-0,149744992484377;0,538881375514187;0,0536648371896229
"850";-0,604864646553155;-1,0093906674654;-1,42517545047336
"851";-0,0173331782917926;-1,00932920521289;-0,920483073359412
"852";-0,228923074376958;-0,525476173222277;0,193833593419026
"853";1,3136963385034;0,0752198155947244;2,13575796867731
"854";-1,66250302676258;-2,20327951757055;0,548579319308695
"855";0,521952066668227;2,08246113608208;0,427191621975886
"856";0,112161942492682;-0,739424293272437;-0,376405159257843
"857";0,611402393846732;0,218951337340964;1,44972982655803
"858";-0,382607241597188;-1,01467720408814;0,810053786308995
"859";-0,385592000492471;-0,30875218862591;0,526455355262184
"860";-0,505769652141721;-0,587581068612904;-1,0485412373386
"861";-0,70729274657815;1,20971615899842;0,351823395834383
"862";-1,02818274954167;0,581365399584444;1,57570068431696
"863";1,03411598410199;0,429900889514932;-0,0366078208712272
"864";-0,297959685387225;-0,470221734878183;1,56233931033423
"865";-1,24275727476532;1,50584637487451;-1,56651093390885
"866";-0,104413997698889;0,843617760933174;-0,147498902516201
"867";0,0156963645163981;-1,52429087484143;-1,06007832934315
"868";-1,44583583851711;0,104924865006046;-1,3691961548678
"869";-0,446648565868533;0,220789396493286;-2,14648388152213
"870";-1,27320277026586;-0,853215176474055;-0,821977059558744
"871";-1,97905939357169;-1,25942683837944;-1,19383269403645
"872";1,93734911220093;-0,530815645837963;0,068557489241771
"873";-0,269716284029119;-1,24798255282153;-0,0316081241423815
"874";-0,892608428582486;0,0543027191984557;-0,638200338200925
"875";-0,395732390761205;0,401254389121224;0,170059984024424
"876";-2,4588891445342;-1,58295888625581;-1,39134336398174
"877";1,1132121043577;-1,14370538659512;-1,22081513983743
"878";-0,964238530286705;1,11443287723475;-0,0102838235248445
"879";1,24363789539734;0,542684927539231;2,18772797562034
"880";-0,479903758759323;1,18554913263117;0,15389682065049
"881";-0,812320950319226;2,9001380862299;1,74096585185752
"882";0,633028558010222;-2,28748755100509;0,620543561545404
"883";-1,34155485155914;-0,261767258557843;-0,527442393634941
"884";0,0489631022858487;-0,799320455094162;-1,43922880686175
"885";-0,594727900110871;-0,962234444913331;-1,05401017413266
"886";0,149144918016826;1,64114318025255;1,85971875929047
"887";-0,891319319070288;1,83298999299879;0,593371922651079
"888";-0,652941989383101;-0,380168874179657;-0,813916153164836
"889";-0,372199983641271;-0,0910586876803189;0,428262442525012
"890";0,0766110309548492;-0,419593365839117;-0,356622387281927
"891";-0,395165539343802;-0,366502832353657;1,61066854843498
"892";0,0371115966247725;-0,0205099611216453;-1,03015370006154
"893";0,117195331288252;0,480210520255443;-0,775479903942776
"894";-1,08859971564348;0,809470120673767;1,20307820990589
"895";-1,92770657627751;-1,29721258475206;0,446925770054835
"896";-2,14497145762863;0,044449177921809;-0,594250669726571
"897";0,544212223218561;-1,4929037959026;0,0850841905733286
"898";0,700054844725532;-0,685500348802006;-0,357944358015701
"899";0,327147880172136;-0,0790123561375307;-0,0724558076786495
"900";0,312489847515284;1,48619772321488;0,986341244622151
"901";0,4106812764504;-1,23647829699115;0,595288724994453
"902";-0,762978301517119;0,140652020457728;-0,384472616055086
"903";0,080639700398106;2,06801072848753;1,43814509187826
"904";-0,440441128819255;0,0452296462925407;-1,04151391642383
"905";0,917807343491448;0,185492871906132;1,08901398484679
"906";-0,473789143933549;-1,88862543142111;0,328426014131705
"907";-0,323358001719498;-0,0446752167142674;-1,49311227725854
"908";-0,564207133133118;3,01857053693157;-0,825069243781525
"909";-0,1511674992427;-0,249403897355297;0,142004560644079
"910";-0,365021411379892;1,42174374033488;0,0396432575110505
"911";0,941579965156246;-1,19956297099044;1,55692873423788
"912";0,204763592776106;-0,559766066069295;-1,17194976635894
"913";0,251225686837214;0,868063824963761;0,743296541380839
"914";-1,64623928067619;1,24249771838946;-0,257175327620685
"915";-0,551852393740813;0,28589376762498;-0,272534147694389
"916";1,30963177970214;1,10487840782543;0,606885277148603
"917";1,8673039608762;-0,945340387979332;1,65303131251983
"918";-0,759372701011011;0,296779960750065;-1,53735450851288
"919";1,16795985208634;0,504041400720129;0,645598058334475
"920";-0,579955658202931;0,414319473659806;-0,213083065488433
"921";0,627890246401287;2,45608992317072;2,52339078847921
"922";-0,000104653584061424;-0,259979837296508;0,997184584764558
"923";1,04768668132192;1,07565066341745;0,698069599152783
"924";-1,4889724806154;0,231390620417481;-1,31269170565844
"925";2,29458805600633;0,710181910042063;1,93642940804631
"926";0,871417238958454;-0,151121665418793;-0,922774204163781
"927";-0,934032895562832;-1,32442244753265;-1,21079490902489
"928";-0,562061426241286;0,872027628002843;-0,0580858354429372
"929";0,191552449845547;1,60757235912713;-0,888740432158392
"930";1,18435132330803;-1,0207197739161;-0,441440335796028
"931";-0,297493158618081;0,412142704153172;1,77395647800284
"932";0,6626115797646;0,956502362674364;-1,04566868776959
"933";-0,345776227904236;-2,12684749178971;-1,24102107799697
"934";-0,677518123874549;-0,983082932616022;-0,491919689274216
"935";1,45891972449921;0,205082495147091;-1,4308543916405
"936";-0,682389344901181;-0,790361225793496;-1,40104501520206
"937";0,166785587885165;1,32806072243153;-0,0132330424306074
"938";0,319273432865673;0,499550058609517;0,596240648564888
"939";-0,104413322483792;-1,66776706393523;-2,31067703929929
"940";-0,947730651000059;-1,30871574015295;-0,268708442557715
"941";-1,2973586602619;-0,0219627781800399;0,21751072071208
"942";0,0457412887930841;1,93266869162366;-0,984064112974052
"943";0,0137265437880138;-0,887968188669252;-0,711405637578451
"944";0,443785109064679;-0,237983093447617;0,308415865316921
"945";-0,992671525250159;0,16115630376876;0,859480205243211
"946";-0,324529119997325;-0,492791052877544;-0,972232133053852
"947";-0,883936615559537;-0,938166457836152;-0,672171809880538
"948";-0,334887986722208;0,050409037898495;0,299811307707068
"949";0,395451758091368;-0,0126173394585953;0,319027839257024
"950";0,449092147194584;-2,2951670171213;-1,217326498435
"951";0,0971550969898948;-0,702195057042968;-1,61606995399008
"952";2,64089791555578;0,486159690791307;0,00828610724252532
"953";-1,94359373087612;-1,05234371754777;-0,6357431297624
"954";0,585690784223191;-1,60900610833469;-1,42435514969681
"955";-0,140446118886604;-0,97187967098109;-0,868335329793914
"956";-0,197314017359999;0,409626499263101;-0,0359869076441419
"957";0,294916991156893;-1,33346141767959;1,49474063119031
"958";-1,012867702058;-0,483712024921368;-0,167632343336386
"959";1,19767797942956;0,791412494347571;1,16861150562112
"960";0,0125969402040042;-0,74020397648768;1,02174797455774
"961";1,22751708103186;-0,178985381878299;-0,570218867868092
"962";-0,113126508323488;-0,0173688935567759;1,63062047166521
"963";0,815136535543097;-0,99131034279498;0,797253154907446
"964";-0,0929075425779094;-0,675358324637871;-1,09657818526255
"965";-0,00253634410301455;-0,658442997028404;0,0050740986345435
"966";1,82421909162289;-0,297545053810407;1,73758752691387
"967";-0,124317135294196;-0,325155075694816;0,300968580971852
"968";-1,57945437868438;0,737779922913382;-0,299757356539346
"969";-2,02252662032403;1,38794783548356;-1,35071534723346
"970";-0,462003340727025;0,865649124942075;0,278414909127872
"971";0,056580826472782;0,0907744294986542;-0,4588854388372
"972";0,787004364692455;1,04385296841365;0,271927982167993
"973";-1,77716103573497;0,198231717533734;-0,542771520921867
"974";-0,578826498594067;-1,14063979271031;0,0718605413795755
"975";0,22571856877677;0,424327715176516;-0,472918264819988
"976";1,23321301675349;0,0523205855353105;0,994231287117837
"977";-0,539531516628637;0,0575391632609546;-0,00726053438321972
"978";0,826906493836808;-0,729280062853028;0,726436632228817
"979";0,921330856520704;2,43911341830896;1,55104921466087
"980";-0,107923094945794;1,58263103932853;-0,0425957839947148
"981";-0,994354649866675;-1,78407108552535;0,891100317777605
"982";0,867734517935292;0,696236921172455;3,11634073203546
"983";0,140392584215597;-1,17225070506811;-0,564669589688569
"984";-1,39722608843862;1,54197507774682;1,0340517901335
"985";1,11337247277362;-0,0388629219346472;-2,06112211468025
"986";1,13487802084812;1,5151483933378;2,14325789311511
"987";0,275094531616673;-1,04491064265028;0,107230005798231
"988";-1,20622286134189;-1,31896704326315;1,72333032991921
"989";0,745671993542985;-0,49160082285452;0,108614967307165
"990";0,420610462530932;-1,49847527710688;-0,38984503808107
"991";0,30999354642274;1,48798847204857;1,88173858994731
"992";-1,43087457596117;-0,253784073089862;-1,36209331516143
"993";0,605769862417945;-1,21546490844296;1,24541156368882
"994";0,542285642248676;0,212894835469284;1,17447173666633
"995";0,0934025141461897;-1,58131159604768;-1,50268834756438
"996";-1,66754768360563;-1,59413057581098;-0,343975723822548
"997";-0,497923105021906;-2,44001285997201;-0,582715327978979
"998";-1,52777901135675;-1,7166376946835;1,84909450617245
"999";-0,319741616547398;0,324511064173096;1,23831489258169
"1000";-2,35062697758329;-0,0163506418095916;0,619718095716284
